constellation,gap,delta,C,R2
twin,2,3.288416,0.164510,0.997046
cousin,4,3.220895,0.201261,0.995735
sexy,6,3.153784,0.150741,0.993062
uniform,NA,3.221031,0.170895,0.982438
